<?xml version="1.0" encoding="UTF-8"?>
<office:document-meta xmlns:office="urn:oasis:names:tc:opendocument:xmlns:office:1.0" xmlns:xlink="http://www.w3.org/1999/xlink" xmlns:dc="http://purl.org/dc/elements/1.1/" xmlns:meta="urn:oasis:names:tc:opendocument:xmlns:meta:1.0" xmlns:ooo="http://openoffice.org/2004/office" office:version="1.0"><office:meta><meta:generator>OpenOffice.org/2.0$Linux OpenOffice.org_project/680m5$Build-9011</meta:generator><meta:initial-creator>Raphaël Semeteys</meta:initial-creator><meta:creation-date>2006-11-01T12:13:22</meta:creation-date><dc:creator>Raphaël Semeteys</dc:creator><dc:date>2006-11-01T17:46:58</dc:date><dc:language>fr-FR</dc:language><meta:editing-cycles>6</meta:editing-cycles><meta:editing-duration>PT7M41S</meta:editing-duration><meta:user-defined meta:name="Info 1"/><meta:user-defined meta:name="Info 2"/><meta:user-defined meta:name="Info 3"/><meta:user-defined meta:name="Info 4"/><meta:document-statistic meta:table-count="3" meta:cell-count="26"/></office:meta></office:document-meta>