<?xml version="1.0" encoding="UTF-8"?>
<office:document-content xmlns:office="urn:oasis:names:tc:opendocument:xmlns:office:1.0" xmlns:style="urn:oasis:names:tc:opendocument:xmlns:style:1.0" xmlns:text="urn:oasis:names:tc:opendocument:xmlns:text:1.0" xmlns:table="urn:oasis:names:tc:opendocument:xmlns:table:1.0" xmlns:draw="urn:oasis:names:tc:opendocument:xmlns:drawing:1.0" xmlns:fo="urn:oasis:names:tc:opendocument:xmlns:xsl-fo-compatible:1.0" xmlns:xlink="http://www.w3.org/1999/xlink" xmlns:dc="http://purl.org/dc/elements/1.1/" xmlns:meta="urn:oasis:names:tc:opendocument:xmlns:meta:1.0" xmlns:number="urn:oasis:names:tc:opendocument:xmlns:datastyle:1.0" xmlns:svg="urn:oasis:names:tc:opendocument:xmlns:svg-compatible:1.0" xmlns:chart="urn:oasis:names:tc:opendocument:xmlns:chart:1.0" xmlns:dr3d="urn:oasis:names:tc:opendocument:xmlns:dr3d:1.0" xmlns:math="http://www.w3.org/1998/Math/MathML" xmlns:form="urn:oasis:names:tc:opendocument:xmlns:form:1.0" xmlns:script="urn:oasis:names:tc:opendocument:xmlns:script:1.0" xmlns:ooo="http://openoffice.org/2004/office" xmlns:ooow="http://openoffice.org/2004/writer" xmlns:oooc="http://openoffice.org/2004/calc" xmlns:dom="http://www.w3.org/2001/xml-events" xmlns:xforms="http://www.w3.org/2002/xforms" xmlns:xsd="http://www.w3.org/2001/XMLSchema" xmlns:xsi="http://www.w3.org/2001/XMLSchema-instance" office:version="1.0"><office:automatic-styles><number:number-style style:name="N0"><number:number number:min-integer-digits="1"/></number:number-style><style:style style:name="ch1" style:family="chart"><style:graphic-properties draw:stroke="none" draw:fill="none" draw:fill-color="#d9d9d9" draw:fill-image-width="0cm" draw:fill-image-height="0cm"/></style:style><style:style style:name="ch2" style:family="chart"><style:chart-properties chart:japanese-candle-stick="false" chart:stock-with-volume="false" chart:three-dimensional="false" chart:deep="false" chart:lines="false" chart:interpolation="none" chart:symbol-type="automatic" chart:vertical="false" chart:lines-used="0" chart:connect-bars="false" chart:series-source="columns" chart:mean-value="false" chart:error-margin="0" chart:error-lower-limit="0" chart:error-upper-limit="0" chart:error-category="none" chart:error-percentage="0" chart:regression-type="none" chart:data-label-number="none" chart:data-label-text="false" chart:data-label-symbol="false"/></style:style><style:style style:name="ch3" style:family="chart" style:data-style-name="N0"><style:chart-properties chart:display-label="true" chart:tick-marks-major-inner="false" chart:tick-marks-major-outer="true" chart:tick-marks-minor-inner="false" chart:tick-marks-minor-outer="false" chart:logarithmic="false" chart:minimum="0" chart:maximum="2" chart:origin="0" chart:interval-major="0.5" chart:gap-width="100" chart:overlap="0" chart:text-overlap="false" text:line-break="false" chart:label-arrangement="automatic" chart:link-data-style-to-source="true" chart:visible="true" style:rotation-angle="0" style:direction="ltr" chart:interval-minor-divisor="2"/><style:graphic-properties draw:stroke="solid" svg:stroke-width="0cm" svg:stroke-color="#808080"/><style:text-properties fo:color="#333366" fo:font-family="Tahoma" style:font-style-name="Normal" style:font-family-generic="swiss" style:font-pitch="variable" fo:font-size="9.39999961853027pt" fo:font-style="italic" fo:font-weight="normal" style:font-family-asian="&apos;Lucida Sans Unicode&apos;" style:font-family-generic-asian="system" style:font-pitch-asian="variable" style:font-size-asian="11.8999996185303pt" style:font-family-complex="Tahoma" style:font-family-generic-complex="system" style:font-pitch-complex="variable" style:font-size-complex="11.8999996185303pt"/></style:style><style:style style:name="ch4" style:family="chart"><style:chart-properties chart:mean-value="false" chart:error-margin="0" chart:error-lower-limit="0" chart:error-upper-limit="0" chart:error-category="none" chart:error-percentage="0" chart:regression-type="none" chart:data-label-number="none" chart:data-label-text="false" chart:data-label-symbol="false"/><style:graphic-properties svg:stroke-width="0.2cm" svg:stroke-color="#cc0000" draw:marker-start-width="0.5cm" draw:marker-end-width="0.5cm" draw:fill-color="#9999ff"/><style:text-properties fo:font-family="Arial" style:font-family-generic="swiss" style:font-pitch="variable" fo:font-size="10.3000001907349pt" style:font-family-asian="&apos;Lucida Sans Unicode&apos;" style:font-family-generic-asian="system" style:font-pitch-asian="variable" style:font-size-asian="10.3000001907349pt" style:font-family-complex="Tahoma" style:font-family-generic-complex="system" style:font-pitch-complex="variable" style:font-size-complex="10.3000001907349pt"/></style:style><style:style style:name="ch5" style:family="chart"><style:graphic-properties draw:stroke="none" draw:fill="none"/></style:style><style:style style:name="ch6" style:family="chart"><style:graphic-properties draw:stroke="none" draw:fill-color="#999999"/></style:style></office:automatic-styles><office:body><office:chart><chart:chart svg:width="26.301cm" svg:height="12.025cm" chart:class="chart:radar" chart:style-name="ch1"><chart:plot-area chart:style-name="ch2" table:cell-range-address="Evaluation.$A$15:.$A$15 Evaluation.$A$74:.$A$74 Evaluation.$A$102:.$A$102 Evaluation.$A$108:.$A$108 Evaluation.$C$15:.$C$15 Evaluation.$C$74:.$C$74 Evaluation.$C$102:.$C$102 Evaluation.$C$108:.$C$108" chart:data-source-has-labels="column" chart:table-number-list="1 1 1 1 1 1 1 1" svg:x="2.08cm" svg:y="0.847cm" svg:width="19.737cm" svg:height="10.187cm"><chart:axis chart:dimension="y" chart:name="primary-y" chart:style-name="ch3"><chart:grid chart:class="major"/></chart:axis><chart:series chart:style-name="ch4"><chart:data-point chart:repeated="4"/></chart:series><chart:wall chart:style-name="ch5"/><chart:floor chart:style-name="ch6"/></chart:plot-area><table:table table:name="local-table"><table:table-header-columns><table:table-column/></table:table-header-columns><table:table-columns><table:table-column table:number-columns-repeated="1"/></table:table-columns><table:table-header-rows><table:table-row><table:table-cell><text:p/></table:table-cell><table:table-cell office:value-type="string"><text:p>Colonne C</text:p></table:table-cell></table:table-row></table:table-header-rows><table:table-rows><table:table-row><table:table-cell office:value-type="string"><text:p>Generic section</text:p></table:table-cell><table:table-cell office:value-type="float" office:value="1.32"><text:p>1.32</text:p></table:table-cell></table:table-row><table:table-row><table:table-cell office:value-type="string"><text:p>RDBMS features</text:p></table:table-cell><table:table-cell office:value-type="float" office:value="1.30833333333333"><text:p>1.30833333333333</text:p></table:table-cell></table:table-row><table:table-row><table:table-cell office:value-type="string"><text:p>Advanced features</text:p></table:table-cell><table:table-cell office:value-type="float" office:value="0.6"><text:p>0.6</text:p></table:table-cell></table:table-row><table:table-row><table:table-cell office:value-type="string"><text:p>Tools</text:p></table:table-cell><table:table-cell office:value-type="float" office:value="1.5"><text:p>1.5</text:p></table:table-cell></table:table-row></table:table-rows></table:table></chart:chart></office:chart></office:body></office:document-content>